month,mau,joiners,leavers,churn_rate,satisfaction,revenue_usd,revenue_per_user_usd,pool_usd,paid_out_usd,payout_per_user_usd,stake_bonus_per_winner_usd,total_user_upside_usd,cheat_inflation,fraud_leak_usd,costs_usd,net_usd,treasury_usd,token_price_usd,entry_cost_usd,invariant_ok
1,9000.0,4300.0,300.0,0.06,1.0,9183.266544613383,1.020362949401487,4591.633272306692,4591.633272306692,0.4563340560829549,6.611111111111112,1.2496673894162882,0.5900000000000001,484.6267675600975,53820.0,-48623.56672769331,701376.4332723067,nan,0.0,True
2,11874.309121106478,4218.861824221296,1344.5527031148172,0.14939474479053524,0.6275218967061031,12209.76009881999,1.0282501469594767,6104.880049409995,6104.880049409995,0.47735560799706434,6.6111111111111125,1.270688941330398,0.38513704318835673,436.61199935912555,54121.37564179917,-47218.54201945082,654157.8912528559,nan,0.0,True
3,14343.612616052565,4217.199246255606,1747.8957513095195,0.1471997851397224,0.6366675619178234,14815.46055275663,1.0328960317971776,7407.730276378315,7407.730276378315,0.4790649349631218,6.6111111111111125,1.2723982682964552,0.39016715905480287,536.2084313328787,54356.33027088946,-45984.70922671242,608173.1820261434,nan,0.0,True
4,16434.029909560606,4199.253815664762,2108.8365221567215,0.14702269076875585,0.637405455130184,17018.504927920054,1.0355649236113065,8509.252463960027,8509.252463960027,0.4802666263630623,6.611111111111113,1.2735999596963958,0.3905730003216012,616.5363617456933,54529.37098372091,-44915.75170983841,563257.430316305,nan,0.0,True
5,18190.089316692003,4170.190667999916,2414.131260868519,0.14689831247441518,0.6379236980232701,18861.886128083293,1.0369320237902746,9430.943064041647,9430.943064041647,0.48087522304758573,6.6111111111111125,1.2742085563809191,0.39085803391279855,683.7798066218729,54648.32430900456,-43995.00724288121,519262.4230734238,nan,0.0,True
6,19650.596735576735,4131.455725018465,2670.948306133736,0.14683535960885907,0.6381860016297538,20385.151059870106,1.0373807642677582,10192.575529935053,10192.575529935053,0.48107045145170513,6.6111111111111125,1.2744037847850387,0.3910023008963646,739.2540870557496,54719.99239744381,-43206.896766878,476055.52630654577,nan,0.0,True
7,20850.022365788882,4084.4313459498326,2885.0057157376878,0.1468151707838207,0.6382701217340804,21624.62332944858,1.0371510855034227,10812.31166472429,10812.31166472429,0.480959813579213,6.6111111111111125,1.2742931469125465,0.39104856695374424,784.288794552047,54750.4024613308,-42536.9692936255,433518.55701292027,nan,0.0,True
8,21819.032750976276,4030.3485222844265,3061.338137097035,0.14682661166446218,0.6382224513980742,22613.31964452569,1.036403396182348,11306.659822262845,11306.659822262845,0.4806154237679693,6.6111111111111125,1.2739487571013028,0.39102234826894083,820.0961504451825,54744.902377599865,-41972.00355447141,391546.55345844885,nan,0.0,True
9,22584.94388940851,3970.30294294565,3204.391804513416,0.14686222992034503,0.6380740419985623,23381.071443703317,1.0352503667130277,11690.535721851658,11690.535721851658,0.4800879938621689,6.6111111111111125,1.2734213271955024,0.3909407230992093,847.7753184958765,54708.24208804494,-41499.99813682503,350046.5553216238,nan,0.0,True
10,23172.104450680723,3905.268133313561,3318.1075720413505,0.14691679502455696,0.6378466873976794,23954.724292734612,1.033774223818109,11977.362146367306,11977.362146367306,0.4794145661591522,6.6111111111111125,1.2727478994924857,0.39081567806872364,868.3177441496482,54644.6424234354,-41110.11485798235,308936.4404636414,nan,0.0,True
11,23602.22584371214,3836.107751710897,3405.986358679478,0.14698649257035526,0.637556280956853,24358.366451335016,1.0320368346879587,12179.183225667508,12179.183225667508,0.4786230300142824,6.611111111111112,1.2719563633476159,0.39065595452626917,882.6143772685991,54557.85436551167,-40792.6015631467,268143.83890049474,nan,0.0,True
12,23894.669795597238,3763.5868308816043,3471.142878996509,0.14706845455939294,0.6372147726691961,24613.562884069055,1.0300859185174545,12306.781442034528,12306.781442034528,0.477734908470291,6.611111111111112,1.2710682418036243,0.3904681249680579,891.4635543070544,54451.21066544168,-40538.70741314301,227605.13148735173,nan,0.0,True
13,24066.70092427126,3688.381968656039,3516.3508399820175,0.14716047009906494,0.6368313745872294,24739.582945496022,1.0279590469562931,12369.791472748011,12369.791472748011,0.4767671551333056,6.6111111111111125,1.270100488466639,0.3902572560229762,895.5789396391065,54327.67116553598,-40340.59739067694,187264.5340966748,nan,0.0,True
14,24133.70984032381,3611.090527196624,3544.081611144075,0.14726079915547835,0.6364133368521735,24753.61597391776,1.0256863175075628,12376.80798695888,12376.80798695888,0.4757333561168442,6.6111111111111125,1.2690666894501776,0.39002733526869543,895.5972090715259,54189.86282045042,-40191.26953222178,147073.264564453,nan,0.0,True
15,24109.41104558533,3532.238919345676,3556.5377140841565,0.14736804816231425,0.6359664659903573,24670.97218849096,1.0232921966382276,12335.48609424548,12335.48609424548,0.47464455931573435,6.6111111111111125,1.2679778926490677,0.3897815562946965,892.0853131517324,54040.115185921735,-40084.47666941292,106988.78789504009,nan,0.0,True
16,24006.019026295253,3452.290064114829,3555.6820834049076,0.14748108432354212,0.6354954819852411,24505.267997996307,1.0207968247944066,12252.633998998153,12252.633998998153,0.473509861929301,6.611111111111113,1.2668431952626347,0.3895225150918826,885.5472443849158,53880.49198651803,-40014.65350895283,66974.13438608726,nan,0.0,True
17,23834.405314957952,3371.6500903908486,3543.2638017281483,0.14759897498402363,0.6350042708999015,24268.595770636523,1.0182169619900725,12134.297885318261,12134.297885318261,0.4723368363795222,6.611111111111112,1.2656701697128554,0.3892523489949459,876.4302818637534,53712.819261623765,-39976.84933914033,26997.285046946927,nan,0.0,True
18,23604.238830860322,3290.674362426126,3520.8408465237567,0.1477209437364965,0.6344960677645979,23971.678627048415,1.0155666869336917,11985.839313524208,11985.839313524208,0.47113184534442193,6.611111111111111,1.2644651786777552,0.38897283727052884,865.1307151905239,53538.710505338255,-39966.66634238024,-12969.381295433312,nan,0.0,True
19,23324.111452870467,3209.6728943913786,3489.8002723812356,0.1478463379983535,0.6339735916735271,23624.0110871999,1.0128579232240174,11812.00554359995,11812.00554359995,0.4699002789474327,6.6111111111111125,1.2632336122807661,0.3886854754204399,851.9990656951068,53359.58915182658,-39980.20331859373,-52949.584614027044,nan,0.0,True
20,23001.650497238472,3128.915214979427,3451.376170611422,0.14797460463115159,0.6334391473702017,23233.986528158326,1.0101008417177606,11616.993264079163,11616.993264079163,0.4686467361811457,6.611111111111112,1.261980069514479,0.38839153105361096,837.3448317689254,53176.70870710352,-40014.00452960993,-92963.58914363697,nan,0.0,True
21,22643.619546748734,3048.634737101951,3406.665687591689,0.14810527131523393,0.6328947028531919,22809.01245243955,1.0073041726102736,11404.506226219775,11404.506226219775,0.4673751656551825,6.611111111111111,1.2607084989885158,0.3880920865692556,821.440789525157,52991.170787487354,-40065.01332772606,-133028.60247136303,nan,0.0,True
22,22256.00889172735,2969.0326822452694,3356.6433372666547,0.14823793211755387,0.6323419495101922,22355.614560262202,1.0044754506083917,11177.807280131101,11177.807280131101,0.46608897619117345,6.611111111111112,1.2594223095245067,0.3877880722306057,804.5268816842472,52803.94129151132,-40130.53021385614,-173159.13268521917,nan,0.0,True
23,21844.116688441147,2890.2816040776843,3302.173807363887,0.14837223616455864,0.631782349314339,21879.530584268334,1.0016212097899078,10939.765292134167,10939.765292134167,0.4647911247371024,6.611111111111112,1.2581244580704358,0.3874802921228864,786.8137276250982,52615.864904189795,-40208.17497059239,-213367.30765581154,nan,0.0,True
24,21412.621809512253,2812.5285514150355,3244.023430343929,0.1485078786481904,0.6312171722992066,21385.79479478659,0.9987471401230397,10692.897397393295,10692.897397393295,0.46348418699436705,6.611111111111112,1.2568175203277003,0.38716944476456366,768.4857865936556,52427.67810897448,-40295.852525981965,-253663.1601817935,nan,0.0,True
